user_id,user_name,user_email,user_password
1,Viva Aveling,vaveling0@live.com,DVTwuKVsrmlS
2,Nikos Padkin,npadkin1@tumblr.com,rGwsLf0Igb
3,Sandy Bizley,sbizley2@thetimes.co.uk,f66i8rvW
4,Keane Keay,kkeay3@chron.com,K4naS2lRWG
5,Lucien Platts,lplatts4@cargocollective.com,QwqHnXYse05z
6,Gwyneth Cogdon,gcogdon5@nationalgeographic.com,znYsnzgMB
7,Eldridge Angell,eangell6@ycombinator.com,g7gMFXtYw
8,Cathrin Arboin,carboin7@soundcloud.com,tRlYLaiF
9,Fletcher Illingsworth,fillingsworth8@tmall.com,jPmdNK
10,Cordie MacColm,cmaccolm9@gravatar.com,74Uqslk
11,Virgilio Morse,vmorsea@nytimes.com,NrsfNg
12,Maude Rosengarten,mrosengartenb@senate.gov,mpEgG33W
13,Gretal Winkett,gwinkettc@elpais.com,SZMzluS
14,Lew Reeson,lreesond@123-reg.co.uk,BrhPmcJ
15,Chelsie Golder,cgoldere@edublogs.org,XBDQ5tG
16,Mario Worsham,mworshamf@nature.com,3CORrqdXTkF
17,Norri Tinan,ntinang@dmoz.org,nhrSDJyQKVgX
18,Hammad Chiswell,hchiswellh@unc.edu,cqS5cDmu6yLZ
19,Abramo Carnoghan,acarnoghani@army.mil,VptO0gFFO
20,Boyce Toby,btobyj@pen.io,1jZBWbGe
21,Lusa Piff,lpiffk@amazon.com,nO8QFxnE8Ng
22,Dimitry Veryard,dveryardl@blinklist.com,JfsHcXl
23,Blinni Van Halle,bvanm@ovh.net,UJnWYb
24,Fitzgerald Birkenshaw,fbirkenshawn@sphinn.com,JvSW6Wrtw
25,Phineas Haughey,phaugheyo@ovh.net,mXpz92x
26,Philippa Yakubowicz,pyakubowiczp@mit.edu,TTwpqOsbhhU
27,Jere Drew-Clifton,jdrewcliftonq@upenn.edu,cc4W4gFcnmyR
28,Britney Braddon,bbraddonr@homestead.com,E1APaQe6DcY
29,Marcia Schild,mschilds@photobucket.com,4SHQwuyDrTS1
30,Lelah Harlett,lharlettt@taobao.com,XbGs1zO3F
31,Darline Allan,dallanu@kickstarter.com,EtDYJ23GRux3
32,Chaunce Breton,cbretonv@google.com,ccWXovA3gaa2
33,Mandel Gatchel,mgatchelw@over-blog.com,978Utn9en
34,Jenna Woolston,jwoolstonx@blogs.com,TO6V5e
35,Naomi Christoffels,nchristoffelsy@intel.com,qu61QiQsj
36,Zonda Hannabuss,zhannabussz@1und1.de,jeb3cEvC1
37,Linoel Durran,ldurran10@flickr.com,yDbZ99hF8L
38,Miguela Jime,mjime11@ca.gov,J4J0COWhv
39,Petronilla Harbar,pharbar12@ucla.edu,rQS6Ddu77kK
40,Danya Flindall,dflindall13@posterous.com,HEIFSW8Dh
41,Hinda Rawstorn,hrawstorn14@webmd.com,IhauyNGrR1
42,Aldis Caven,acaven15@dot.gov,tKSm1PD
43,Corly Savine,csavine16@statcounter.com,8VnufNP2
44,Kara-lynn Moppett,kmoppett17@hugedomains.com,VqAp3pkXUw9D
45,Arnie Allsup,aallsup18@eepurl.com,fh6NOkUUyTpA
46,Bertina Jachimiak,bjachimiak19@scientificamerican.com,oFwn62MjKc0D
47,Sheryl Heino,sheino1a@ftc.gov,XDh6QmmH
48,Enrichetta Reaney,ereaney1b@si.edu,kXgggLEOKvs
49,Grant Stanman,gstanman1c@skype.com,1Yt9MP
50,Klarrisa Scruton,kscruton1d@wufoo.com,lxROrHxwOMJ
51,Eal Deppen,edeppen1e@mtv.com,DBFgaY
52,Harrison Patient,hpatient1f@skype.com,UWNJ65PG0Q
53,Ellerey Lyne,elyne1g@google.co.uk,wDrZeD
54,Auria Fernanando,afernanando1h@independent.co.uk,n7eWr9MJShZ
55,Alford Peare,apeare1i@zimbio.com,jCX6rzkJetSJ
56,Andrei Hempel,ahempel1j@yandex.ru,nUuBNVzF
57,Ned Ruffles,nruffles1k@webnode.com,gZDni5a
58,Jolie Aggett,jaggett1l@sciencedaily.com,aL0ISeQ
59,Priscella Childe,pchilde1m@e-recht24.de,VwO8lJGRL
60,Waneta Bendel,wbendel1n@uiuc.edu,4Hys3r
61,Vonny Rosetti,vrosetti1o@networkadvertising.org,7yX2Jz5A70X
62,Alfredo Vasenkov,avasenkov1p@mediafire.com,VtqQIpROhHb1
63,Dona Tetla,dtetla1q@newsvine.com,RDUr278OfK
64,Janice Heskey,jheskey1r@cafepress.com,xL30IQo
65,Jorry Extance,jextance1s@nba.com,6a1L3rEM
66,Jermain Seven,jseven1t@cam.ac.uk,0sw56HnVNTo5
67,Filippo Rolse,frolse1u@mayoclinic.com,BIIkUtk
68,Brear Elan,belan1v@cnet.com,j9ttwyvr
69,Konstantin Champain,kchampain1w@latimes.com,0ZqeBF8PnLn
70,Hiram Hanshawe,hhanshawe1x@globo.com,LqHTZmUCpNV
71,Lucia Clewer,lclewer1y@cbslocal.com,zdgn1RJVHgiU
72,Lexi Trail,ltrail1z@samsung.com,oVIKoZjO
73,Pietro Paprotny,ppaprotny20@about.me,DIM6ygy
74,Eugenia Upjohn,eupjohn21@who.int,ELwnHyNL7R
75,Domeniga Tripet,dtripet22@friendfeed.com,Qj1azMv1BaMm
76,Angelina Philson,aphilson23@prweb.com,oHnz8Nv
77,Kane Rookledge,krookledge24@phoca.cz,i3PbiarlA
78,Cindy Lambol,clambol25@walmart.com,maelt4n7K
79,Jan Weaver,jweaver26@odnoklassniki.ru,P1K6LdHdHkg
80,Phillida Abbe,pabbe27@fema.gov,isvXcvsKXdy
81,Charley Hammerberger,chammerberger28@ask.com,iRy5xuak3
82,Lynette Saiens,lsaiens29@chron.com,LwBv9KeBNS
83,Donnamarie Bothe,dbothe2a@wordpress.com,30ZuQF2GV
84,Blaire McPhillips,bmcphillips2b@bbc.co.uk,9Twm8SohIh
85,Shanon Airs,sairs2c@sina.com.cn,REjIYzS
86,Hercule Rozsa,hrozsa2d@vinaora.com,K1aub2ypV1Bd
87,Darren Bedin,dbedin2e@slashdot.org,qzku0MfvbNd
88,Denys Salvin,dsalvin2f@indiegogo.com,fk88TSZ3C9c
89,Arny Maplethorpe,amaplethorpe2g@ihg.com,UYiE9xGlym
90,Vivia Farriar,vfarriar2h@shinystat.com,rkujY3Cnx
91,Nerta Kacheller,nkacheller2i@bloglines.com,t5TRFgHT3y
92,Emmie Klugman,eklugman2j@blinklist.com,Z46VyahNjtO
93,Ivy Lefeaver,ilefeaver2k@wufoo.com,AHnBCfI
94,Arnie Leband,aleband2l@cmu.edu,6BYo36
95,Demetris Awde,dawde2m@reddit.com,OQ30dVJLMApG
96,Natalya Epperson,nepperson2n@wikipedia.org,DCXhEwV
97,Jamey Bigland,jbigland2o@cmu.edu,kpEvXyPFmk0
98,Maximilien Iacabucci,miacabucci2p@ucsd.edu,A19nOcYY2Ejz
99,Gardiner De Caville,gde2q@cnbc.com,HusW5IohGPz
100,Westley Iannitti,wiannitti2r@g.co,EDbJvF8
